{
    "total_runtime": 661.1356422901154,
    "num_documents": 6,
    "input_load_time": 0,
    "workflows": {
        "create_base_text_units": {
            "overall": 1.127718448638916,
            "0_orderby": 0.14344525337219238,
            "1_zip": 0.010948896408081055,
            "2_aggregate_override": 0.13323593139648438,
            "3_chunk": 0.5650999546051025,
            "4_select": 0.025150299072265625,
            "5_unroll": 0.15200233459472656,
            "6_rename": 0.005305290222167969,
            "7_genid": 0.01865530014038086,
            "8_unzip": 0.007189512252807617,
            "9_copy": 0.005878448486328125,
            "10_filter": 0.05729246139526367
        },
        "create_base_extracted_entities": {
            "overall": 51.08033275604248,
            "0_entity_extract": 50.17097783088684,
            "1_merge_graphs": 0.899904727935791
        },
        "create_summarized_entities": {
            "overall": 20.00401210784912,
            "0_summarize_descriptions": 19.996790647506714
        },
        "create_base_entity_graph": {
            "overall": 4.325350761413574,
            "0_cluster_graph": 4.3070080280303955,
            "1_select": 0.010225772857666016
        },
        "create_final_entities": {
            "overall": 27.096694231033325,
            "0_unpack_graph": 1.7886779308319092,
            "1_rename": 0.011974811553955078,
            "2_select": 0.03405022621154785,
            "3_dedupe": 0.013221263885498047,
            "4_rename": 0.04094290733337402,
            "5_filter": 0.23049426078796387,
            "6_text_split": 0.05257225036621094,
            "7_drop": 0.013020992279052734,
            "8_merge": 0.9019889831542969,
            "9_text_embed": 23.897111177444458,
            "10_drop": 0.014466285705566406,
            "11_filter": 0.08839035034179688
        },
        "create_final_nodes": {
            "overall": 11.99524998664856,
            "0_layout_graph": 6.718102931976318,
            "1_unpack_graph": 2.2275145053863525,
            "2_unpack_graph": 2.3081514835357666,
            "3_filter": 0.24130845069885254,
            "4_drop": 0.01759171485900879,
            "5_select": 0.020376205444335938,
            "6_rename": 0.026811838150024414,
            "7_convert": 0.20807647705078125,
            "8_join": 0.1593008041381836,
            "9_rename": 0.05479574203491211
        },
        "create_final_communities": {
            "overall": 8.759652376174927,
            "0_unpack_graph": 1.9457440376281738,
            "1_unpack_graph": 2.16919207572937,
            "2_aggregate_override": 0.09140920639038086,
            "3_join": 0.17856979370117188,
            "4_join": 0.19382071495056152,
            "5_concat": 0.035112619400024414,
            "6_filter": 3.67334246635437,
            "7_aggregate_override": 0.12194180488586426,
            "8_join": 0.028200387954711914,
            "9_filter": 0.06173348426818848,
            "10_fill": 0.020903587341308594,
            "11_merge": 0.16711664199829102,
            "12_copy": 0.021602869033813477,
            "13_select": 0.022203445434570312
        },
        "join_text_units_to_entity_ids": {
            "overall": 0.13297033309936523,
            "0_select": 0.0235440731048584,
            "1_unroll": 0.02759075164794922,
            "2_aggregate_override": 0.060448646545410156
        },
        "create_final_relationships": {
            "overall": 2.779283285140991,
            "0_unpack_graph": 1.9027009010314941,
            "1_filter": 0.3311474323272705,
            "2_rename": 0.026187896728515625,
            "3_filter": 0.3511989116668701,
            "4_drop": 0.025557279586791992,
            "5_compute_edge_combined_degree": 0.03767108917236328,
            "6_convert": 0.05304551124572754,
            "7_convert": 0.028342723846435547
        },
        "join_text_units_to_relationship_ids": {
            "overall": 0.17639827728271484,
            "0_select": 0.02757883071899414,
            "1_unroll": 0.032759666442871094,
            "2_aggregate_override": 0.06210160255432129,
            "3_select": 0.027711868286132812
        },
        "create_final_community_reports": {
            "overall": 521.0117843151093,
            "0_prepare_community_reports_nodes": 0.24364829063415527,
            "1_prepare_community_reports_edges": 0.15623950958251953,
            "2_restore_community_hierarchy": 0.15761375427246094,
            "3_prepare_community_reports": 3.3508849143981934,
            "4_create_community_reports": 517.03573179245,
            "5_window": 0.035698890686035156
        },
        "create_final_text_units": {
            "overall": 0.3038637638092041,
            "0_select": 0.0434880256652832,
            "1_rename": 0.04166817665100098,
            "2_join": 0.03895068168640137,
            "3_join": 0.07404732704162598,
            "4_aggregate_override": 0.042183637619018555,
            "5_select": 0.033174753189086914
        },
        "create_base_documents": {
            "overall": 0.5293173789978027,
            "0_unroll": 0.03808951377868652,
            "1_select": 0.03423595428466797,
            "2_rename": 0.04455447196960449,
            "3_join": 0.04553031921386719,
            "4_aggregate_override": 0.04440903663635254,
            "5_join": 0.05481743812561035,
            "6_rename": 0.037154436111450195,
            "7_convert": 0.1954193115234375
        },
        "create_final_documents": {
            "overall": 0.0774679183959961,
            "0_rename": 0.03570723533630371
        }
    }
}